ticker,편입일수,가격있는편입일수,복원율,가격첫날,가격마지막날,편입첫날,편입마지막날,분류
AABA,1445,0,0.0,,,2011-09-21,2017-06-16,가격 없음
AAL,2394,2392,0.9991645781119465,2011-09-21,2026-09-21,2015-03-23,2024-09-20,복원
AAP,2048,2047,0.99951171875,2011-09-21,2026-09-21,2015-07-09,2023-08-24,복원
ABC,3005,0,0.0,,,2011-09-21,2023-08-29,가격 없음
ABMD,1150,0,0.0,,,2018-05-31,2022-12-21,가격 없음
ADS,1635,0,0.0,,,2013-12-23,2020-06-19,가격 없음
ADT,900,0,0.0,2018-01-19,2026-09-21,2012-10-02,2016-04-29,재사용 의심
AET,1811,0,0.0,,,2011-09-21,2018-11-28,가격 없음
AGN,2174,0,0.0,,,2011-09-21,2020-05-11,가격 없음
AIV,2329,2328,0.9995706311721769,2011-09-21,2026-09-21,2011-09-21,2020-12-18,복원
AKS,62,0,0.0,,,2011-09-21,2011-12-16,가격 없음
ALK,1913,1912,0.9994772608468374,2011-09-21,2026-09-21,2016-05-13,2023-12-15,복원
ALTR,1073,0,0.0,,,2011-09-21,2015-12-24,가격 없음
ALXN,2303,0,0.0,,,2012-05-25,2021-07-20,가격 없음
AMG,1381,1380,0.999275887038378,2011-09-21,2026-09-21,2014-07-01,2019-12-20,복원
AMTM,59,59,1.0,2024-09-24,2026-09-21,2024-09-30,2024-12-20,복원
AN,1480,1479,0.9993243243243243,2011-09-21,2026-09-21,2011-09-21,2017-08-07,복원
ANDV,1769,0,0.0,,,2011-09-21,2018-09-28,가격 없음
ANF,567,567,1.0,2011-09-21,2026-09-21,2011-09-21,2013-12-20,복원
ANRZQ,260,0,0.0,,,2011-09-21,2012-10-01,가격 없음
ANSS,2035,0,0.0,,,2017-06-19,2025-07-17,가격 없음
ANTM,2710,0,0.0,,,2011-09-21,2022-06-27,가격 없음
APC,1984,0,0.0,2026-02-12,2026-09-21,2011-09-21,2019-08-08,재사용 의심
APOL,445,0,0.0,,,2011-09-21,2013-06-28,가격 없음
ARG,1175,0,0.0,,,2011-09-21,2016-05-20,가격 없음
ARNC,2149,0,0.0,,,2011-09-21,2020-04-03,가격 없음
ATGE,259,0,0.0,,,2011-09-21,2012-09-28,가격 없음
ATI,950,950,1.0,2011-09-21,2026-09-21,2011-09-21,2015-07-01,복원
ATVI,2048,0,0.0,,,2015-08-31,2023-10-17,가격 없음
AVB,3753,22,0.005861977084998668,2026-07-17,2026-08-24,2011-09-21,2026-08-17,부분 복원
AVP,879,0,0.0,,,2011-09-21,2015-03-20,가격 없음
AYI,535,535,1.0,2011-09-21,2026-09-21,2016-05-03,2018-06-15,복원
BBBY,1471,0,0.0,2026-07-17,2026-09-21,2011-09-21,2017-07-25,재사용 의심
BBT,2068,2067,0.9995164410058027,2011-09-21,2026-09-21,2011-09-21,2019-12-06,복원
BBWI,796,795,0.9987437185929648,2011-09-21,2026-09-21,2021-08-03,2024-09-30,복원
BCR,1580,0,0.0,,,2011-09-21,2017-12-28,가격 없음
BEAM,655,0,0.0,2020-02-06,2026-09-21,2011-09-21,2014-04-30,재사용 의심
BHF,415,415,1.0,2017-07-17,2026-09-21,2017-08-07,2019-04-01,복원
BHGE,2033,0,0.0,,,2011-09-21,2019-10-17,가격 없음
BIG,351,0,0.0,,,2011-09-21,2013-02-13,가격 없음
BIO,1071,1070,0.9990662931839402,2011-09-21,2026-09-21,2020-06-22,2024-09-20,복원
BK,3692,0,0.0,,,2011-09-21,2026-05-20,가격 없음
BLL,2677,0,0.0,,,2011-09-21,2022-05-09,가격 없음
BMC,495,0,0.0,,,2011-09-21,2013-09-10,가격 없음
BMS,807,0,0.0,,,2011-09-21,2014-12-04,가격 없음
BRCM,1097,0,0.0,,,2011-09-21,2016-01-29,가격 없음
BTUUQ,754,0,0.0,,,2011-09-21,2014-09-19,가격 없음
BWA,3336,3333,0.9991007194244604,2011-09-21,2026-09-21,2011-12-19,2025-03-21,복원
BXLT,234,0,0.0,,,2015-07-01,2016-06-02,가격 없음
CA,1795,0,0.0,,,2011-09-21,2018-11-05,가격 없음
CAG,3719,3713,0.9983866630814735,2011-09-21,2026-09-21,2011-09-21,2026-06-29,복원
CAM,1140,0,0.0,2025-10-06,2026-09-21,2011-09-21,2016-04-01,재사용 의심
CBE,256,0,0.0,,,2011-11-23,2012-11-30,가격 없음
CBS,2066,0,0.0,,,2011-09-21,2019-12-04,가격 없음
CCE,1180,0,0.0,,,2011-09-21,2016-05-27,가격 없음
CCEP,103,102,0.9902912621359223,2011-09-21,2026-09-21,2016-01-04,2016-05-27,복원
CDAY,596,0,0.0,,,2021-09-20,2024-01-31,가격 없음
CE,1571,1569,0.9987269255251432,2011-09-21,2026-09-21,2018-12-24,2025-03-21,복원
CELG,2057,0,0.0,,,2011-09-21,2019-11-20,가격 없음
CEPH,17,0,0.0,,,2011-09-21,2011-10-13,가격 없음
CERN,2697,0,0.0,,,2011-09-21,2022-06-07,가격 없음
CFN,875,0,0.0,,,2011-09-21,2015-03-16,가격 없음
CHK,1633,0,0.0,,,2011-09-21,2018-03-16,가격 없음
CLF,635,635,1.0,2011-09-21,2026-09-21,2011-09-21,2014-04-01,복원
CMA,3210,0,0.0,,,2011-09-21,2024-06-21,가격 없음
CMCSK,59,0,0.0,,,2015-09-21,2015-12-11,가격 없음
CNX,1120,1119,0.9991071428571429,2011-09-21,2026-09-21,2011-09-21,2016-03-03,복원
COG,2526,0,0.0,,,2011-09-21,2021-10-01,가격 없음
COL,1809,0,0.0,,,2011-09-21,2018-11-26,가격 없음
COTY,998,998,1.0,2013-06-13,2026-09-21,2016-10-03,2020-09-18,복원
COV,841,0,0.0,,,2011-09-21,2015-01-26,가격 없음
CPB,3713,3707,0.9983840560193913,2011-09-21,2026-09-21,2011-09-21,2026-06-18,복원
CPGX,253,0,0.0,,,2015-07-02,2016-06-30,가격 없음
CPRI,1097,1096,0.9990884229717412,2011-12-15,2026-09-21,2016-01-04,2020-05-11,복원
CPWR,71,71,1.0,2011-09-21,2026-09-21,2011-09-21,2011-12-30,복원
CSRA,590,0,0.0,2026-08-12,2026-09-21,2015-11-30,2018-04-03,재사용 의심
CTL,2264,0,0.0,,,2011-09-21,2020-09-17,가격 없음
CTLT,1072,0,0.0,,,2020-09-21,2024-12-20,가격 없음
CTRA,1156,0,0.0,,,2021-10-04,2026-05-06,가격 없음
CTXS,2777,0,0.0,,,2011-09-21,2022-09-30,가격 없음
CVC,1195,0,0.0,,,2011-09-21,2016-06-20,가격 없음
CVH,407,0,0.0,,,2011-09-21,2013-05-06,가격 없음
CXO,1238,0,0.0,,,2016-02-22,2021-01-20,가격 없음
CZR,1135,1131,0.9964757709251101,2014-09-22,2026-09-21,2021-03-22,2025-09-19,복원
DAY,509,0,0.0,,,2024-02-01,2026-02-06,가격 없음
DF,420,0,0.0,,,2011-09-21,2013-05-23,가격 없음
DFS,3437,0,0.0,,,2011-09-21,2025-05-16,가격 없음
DISCA,2657,0,0.0,,,2011-09-21,2022-04-08,가격 없음
DISCK,1934,0,0.0,,,2014-08-07,2022-04-08,가격 없음
DISH,1578,0,0.0,,,2017-03-13,2023-06-16,가격 없음
DNB,1394,0,0.0,,,2011-09-21,2017-04-04,가격 없음
DNR,879,0,0.0,,,2011-09-21,2015-03-20,가격 없음
DO,1267,0,0.0,,,2011-09-21,2016-09-30,가격 없음
DRE,1306,0,0.0,,,2017-07-26,2022-09-30,가격 없음
DTV,966,0,0.0,,,2011-09-21,2015-07-24,가격 없음
DWDP,438,0,0.0,,,2017-09-01,2019-05-31,가격 없음
DXC,2689,2689,1.0,2011-09-21,2026-09-21,2011-09-21,2023-09-29,복원
EA,3744,0,0.0,,,2011-09-21,2026-08-04,가격 없음
ECHO,63,62,0.9841269841269841,2011-09-21,2026-09-21,2026-06-24,2026-09-21,복원
EMC,1249,0,0.0,2023-05-15,2026-09-21,2011-09-21,2016-09-06,재사용 의심
EMN,3556,3551,0.9985939257592801,2011-09-21,2026-09-21,2011-09-21,2025-11-03,복원
ENDP,529,0,0.0,,,2015-01-27,2017-03-01,가격 없음
ENPH,1185,1181,0.9966244725738397,2012-03-30,2026-09-21,2021-01-07,2025-09-19,복원
EP,171,171,1.0,2011-09-21,2026-09-21,2011-09-21,2012-05-24,복원
EPAM,1124,1119,0.9955516014234875,2012-02-08,2026-09-21,2021-12-14,2026-06-01,복원
EQR,3753,0,0.0,,,2011-09-21,2026-08-17,가격 없음
ESRX,1826,0,0.0,,,2011-09-21,2018-12-20,가격 없음
ESV,921,0,0.0,,,2012-07-31,2016-03-29,가격 없음
ETFC,2277,0,0.0,,,2011-09-21,2020-10-06,가격 없음
ETSY,1008,1007,0.9990079365079365,2015-04-16,2026-09-21,2020-09-21,2024-09-20,복원
EVHC,467,0,0.0,,,2016-12-02,2018-10-10,가격 없음
FB,2131,0,0.0,2025-06-26,2026-09-21,2013-12-23,2022-06-08,재사용 의심
FBHS,1633,0,0.0,,,2016-06-24,2022-12-16,가격 없음
FCPT,5,5,1.0,2015-11-10,2026-09-21,2015-11-10,2015-11-16,복원
FDO,952,0,0.0,,,2011-09-21,2015-07-06,가격 없음
FDXF,79,78,0.9873417721518988,2026-05-27,2026-09-21,2026-06-01,2026-09-21,복원
FHN,440,440,1.0,2011-09-21,2026-09-21,2011-09-21,2013-06-21,복원
FI,614,0,0.0,,,2023-06-07,2025-11-10,가격 없음
FII,321,0,0.0,,,2011-09-21,2012-12-31,가격 없음
FISV,3164,3160,0.9987357774968394,2011-09-21,2026-09-21,2011-09-21,2026-09-21,복원
FL,844,0,0.0,,,2016-04-04,2019-08-08,가격 없음
FLIR,2428,0,0.0,,,2011-09-21,2021-05-13,가격 없음
FLR,1936,1935,0.9994834710743802,2011-09-21,2026-09-21,2011-09-21,2019-05-31,복원
FLS,2390,2389,0.999581589958159,2011-09-21,2026-09-21,2011-09-21,2021-03-19,복원
FLT,1450,0,0.0,,,2018-06-20,2024-03-22,가격 없음
FMC,3398,3395,0.9991171277221895,2011-09-21,2026-09-21,2011-09-21,2025-03-21,복원
FOSL,943,943,1.0,2011-09-21,2026-09-21,2012-04-04,2016-01-04,복원
FRC,1092,0,0.0,,,2019-01-02,2023-05-03,가격 없음
FRX,697,0,0.0,,,2011-09-21,2014-06-30,가격 없음
FTI,2365,2364,0.9995771670190274,2011-09-21,2026-09-21,2011-09-21,2021-02-11,복원
FTR,1382,0,0.0,,,2011-09-21,2017-03-17,가격 없음
GAS,1202,0,0.0,,,2011-09-21,2016-06-30,가격 없음
GGP,1188,0,0.0,,,2013-12-10,2018-08-27,가격 없음
GHC,754,754,1.0,2011-09-21,2026-09-21,2011-09-21,2014-09-19,복원
GMCR,491,0,0.0,,,2014-03-24,2016-03-02,가격 없음
GME,1155,1154,0.9991341991341991,2011-09-21,2026-09-21,2011-09-21,2016-04-22,복원
GNW,1047,1047,1.0,2011-09-21,2026-09-21,2011-09-21,2015-11-17,복원
GPS,2610,0,0.0,,,2011-09-21,2022-02-01,가격 없음
GR,214,0,0.0,,,2011-09-21,2012-07-26,가격 없음
GT,1870,1869,0.9994652406417113,2011-09-21,2026-09-21,2011-09-21,2019-02-26,복원
HAR,1377,0,0.0,,,2011-09-21,2017-03-10,가격 없음
HBI,1701,0,0.0,,,2015-03-23,2021-12-17,가격 없음
HCBK,1035,0,0.0,,,2011-09-21,2015-10-30,가격 없음
HCP,2045,0,0.0,,,2011-09-21,2019-11-04,가격 없음
HES,3483,0,0.0,,,2011-09-21,2025-07-22,가격 없음
HFC,746,0,0.0,,,2018-06-18,2021-06-03,가격 없음
HNZ,429,0,0.0,,,2011-09-21,2013-06-06,가격 없음
HOG,2202,2201,0.9995458673932789,2011-09-21,2026-09-21,2011-09-21,2020-06-19,복원
HOLX,2525,0,0.0,,,2016-03-30,2026-04-08,가격 없음
HONA,60,59,0.9833333333333333,2026-06-15,2026-09-21,2026-06-29,2026-09-21,복원
HOT,1261,0,0.0,,,2011-09-21,2016-09-22,가격 없음
HP,2182,2181,0.9995417048579285,2011-09-21,2026-09-21,2011-09-21,2020-05-21,복원
HRB,2265,2264,0.9995584988962473,2011-09-21,2026-09-21,2011-09-21,2020-09-18,복원
HRS,1936,0,0.0,,,2011-09-21,2019-05-31,가격 없음
HSH,195,0,0.0,,,2011-09-21,2012-06-28,가격 없음
HSP,994,0,0.0,,,2011-09-21,2015-09-02,가격 없음
IGT,690,0,0.0,,,2011-09-21,2014-06-19,가격 없음
ILMN,2162,2160,0.9990749306197965,2011-09-21,2026-09-21,2015-11-19,2024-06-21,복원
INFO,1195,0,0.0,2024-10-10,2026-09-21,2017-06-02,2022-03-01,재사용 의심
IPG,3573,0,0.0,,,2011-09-21,2025-11-26,가격 없음
IPGP,1080,1080,1.0,2011-09-21,2026-09-21,2018-03-07,2022-06-17,복원
ITT,29,29,1.0,2011-09-21,2026-09-21,2011-09-21,2011-10-31,복원
JCP,552,0,0.0,,,2011-09-21,2013-11-29,가격 없음
JEC,2069,0,0.0,,,2011-09-21,2019-12-09,가격 없음
JEF,2017,2016,0.9995042141794744,2011-09-21,2026-09-21,2011-09-21,2019-09-25,복원
JNPR,3473,0,0.0,,,2011-09-21,2025-07-08,가격 없음
JNS,45,0,0.0,,,2011-09-21,2011-11-22,가격 없음
JOY,1018,0,0.0,,,2011-09-21,2015-10-07,가격 없음
JWN,2202,0,0.0,,,2011-09-21,2020-06-19,가격 없음
K,3582,0,0.0,,,2011-09-21,2025-12-10,가격 없음
KMX,3554,3549,0.9985931344963421,2011-09-21,2026-09-21,2011-09-21,2025-10-30,복원
KORS,1221,0,0.0,,,2013-11-13,2018-09-18,가격 없음
KRFT,691,0,0.0,,,2012-10-02,2015-07-02,가격 없음
KSS,2265,2264,0.9995584988962473,2011-09-21,2026-09-21,2011-09-21,2020-09-18,복원
KSU,2156,0,0.0,,,2013-05-24,2021-12-13,가격 없음
LB,2483,0,0.0,2024-06-28,2026-09-21,2011-09-21,2021-08-02,재사용 의심
LEG,2580,0,0.0,2026-07-17,2026-08-27,2011-09-21,2021-12-17,재사용 의심
LIFE,588,0,0.0,2026-01-29,2026-09-21,2011-09-21,2014-01-23,재사용 의심
LKQ,2414,2410,0.9983429991714996,2011-09-21,2026-09-21,2016-05-23,2025-12-19,복원
LLL,1956,0,0.0,,,2011-09-21,2019-06-28,가격 없음
LLTC,1377,0,0.0,,,2011-09-21,2017-03-10,가격 없음
LM,1310,0,0.0,,,2011-09-21,2016-12-01,가격 없음
LNC,3017,3016,0.9996685449121644,2011-09-21,2026-09-21,2011-09-21,2023-09-15,복원
LO,936,0,0.0,,,2011-09-21,2015-06-11,가격 없음
LSI,659,0,0.0,,,2011-09-21,2014-05-06,가격 없음
LUMN,628,628,1.0,2011-09-21,2026-09-21,2020-09-18,2023-03-17,복원
LVLT,741,0,0.0,,,2014-11-05,2017-10-12,가격 없음
LW,1837,1833,0.9978225367446925,2016-11-10,2026-09-21,2018-12-03,2026-03-20,복원
LXK,259,0,0.0,,,2011-09-21,2012-09-28,가격 없음
M,2149,2148,0.9995346672871103,2011-09-21,2026-09-21,2011-09-21,2020-04-03,복원
MAC,1669,1668,0.9994008388256441,2011-09-21,2026-09-21,2013-05-09,2019-12-20,복원
MAT,1940,1939,0.9994845360824742,2011-09-21,2026-09-21,2011-09-21,2019-06-06,복원
MHK,3022,3017,0.9983454665784249,2011-09-21,2026-09-21,2013-12-23,2025-12-19,복원
MHS,133,0,0.0,,,2011-09-21,2012-03-30,가격 없음
MJN,1443,0,0.0,,,2011-09-21,2017-06-14,가격 없음
MKTX,1569,1565,0.9974506054811982,2011-09-21,2026-09-21,2019-07-01,2025-09-19,복원
MMC,3604,0,0.0,,,2011-09-21,2026-01-13,가격 없음
MMI,168,0,0.0,2013-10-31,2026-09-21,2011-09-21,2012-05-21,재사용 의심
MNK,740,0,0.0,,,2014-08-19,2017-07-25,가격 없음
MOH,1021,1017,0.9960822722820764,2011-09-21,2026-09-21,2022-03-02,2026-03-20,복원
MOLX,557,0,0.0,,,2011-09-21,2013-12-06,가격 없음
MON,1689,0,0.0,,,2011-09-21,2018-06-06,가격 없음
MRO,3319,0,0.0,,,2011-09-21,2024-11-25,가격 없음
MRSH,174,172,0.9885057471264368,2011-09-21,2026-09-21,2026-01-14,2026-09-21,복원
MTCH,1134,1130,0.9964726631393298,2011-09-21,2026-09-21,2021-09-20,2026-03-20,복원
MUR,1471,1470,0.9993201903467029,2011-09-21,2026-09-21,2011-09-21,2017-07-25,복원
MWV,950,0,0.0,,,2011-09-21,2015-07-01,가격 없음
MWW,62,0,0.0,,,2011-09-21,2011-12-16,가격 없음
MXIM,689,0,0.0,,,2018-12-03,2021-08-27,가격 없음
MYL,2306,0,0.0,,,2011-09-21,2020-11-16,가격 없음
NAVI,1032,1031,0.999031007751938,2014-04-17,2026-09-21,2014-05-01,2018-06-04,복원
NBL,2280,0,0.0,,,2011-09-21,2020-10-09,가격 없음
NBR,879,879,1.0,2011-09-21,2026-09-21,2011-09-21,2015-03-20,복원
NE,961,0,0.0,2021-06-09,2026-09-21,2011-09-21,2015-07-17,재사용 의심
NFX,1863,0,0.0,2026-07-07,2026-09-21,2011-09-21,2019-02-14,재사용 의심
NKTR,389,389,1.0,2011-09-21,2026-09-21,2018-03-19,2019-10-02,복원
NLOK,758,0,0.0,,,2019-11-05,2022-11-07,가격 없음
NLSN,2334,0,0.0,,,2013-07-09,2022-10-11,가격 없음
NOV,2516,2515,0.9996025437201908,2011-09-21,2026-09-21,2011-09-21,2021-09-17,복원
NSM,3,0,0.0,,,2011-09-21,2011-09-23,가격 없음
NVLS,177,0,0.0,,,2011-09-21,2012-06-04,가격 없음
NWL,3017,3016,0.9996685449121644,2011-09-21,2026-09-21,2011-09-21,2023-09-15,복원
NYX,540,0,0.0,,,2011-09-21,2013-11-12,가격 없음
OGN,597,597,1.0,2021-05-14,2026-09-21,2021-06-04,2023-10-17,복원
OI,1310,1309,0.999236641221374,2011-09-21,2026-09-21,2011-09-21,2016-12-01,복원
PARA,874,870,0.9954233409610984,2021-02-12,2026-09-21,2022-02-17,2025-08-07,복원
PAYC,1549,1545,0.9974176888315042,2014-04-15,2026-09-21,2020-01-28,2026-03-20,복원
PBCT,2652,0,0.0,,,2011-09-21,2022-04-01,가격 없음
PBI,1369,1368,0.9992695398100804,2011-09-21,2026-09-21,2011-09-21,2017-02-28,복원
PCL,1111,0,0.0,2025-08-05,2026-09-21,2011-09-21,2016-02-19,재사용 의심
PCP,1097,0,0.0,,,2011-09-21,2016-01-29,가격 없음
PDCO,1633,0,0.0,,,2011-09-21,2018-03-16,가격 없음
PEAK,1088,0,0.0,,,2019-11-05,2024-03-01,가격 없음
PENN,377,377,1.0,2011-09-21,2026-09-21,2021-03-22,2022-09-16,복원
PETM,609,0,0.0,,,2012-10-05,2015-03-11,가격 없음
PGN,196,0,0.0,,,2011-09-21,2012-06-29,가격 없음
PKI,2932,0,0.0,,,2011-09-21,2023-05-15,가격 없음
PLL,991,0,0.0,,,2011-09-21,2015-08-28,가격 없음
POM,1134,0,0.0,2025-10-08,2026-09-21,2011-09-21,2016-03-23,재사용 의심
POOL,1436,1431,0.9965181058495822,2011-09-21,2026-09-21,2020-10-07,2026-06-18,복원
PRGO,2454,2453,0.9995925020374898,2011-09-21,2026-09-21,2011-12-19,2021-09-17,복원
PSKY,283,281,0.9929328621908127,2011-09-21,2026-09-21,2025-08-08,2026-09-21,복원
PVH,2416,2415,0.9995860927152318,2011-09-21,2026-09-21,2013-02-14,2022-09-16,복원
PX,1791,0,0.0,,,2011-09-21,2018-10-30,가격 없음
PXD,3179,0,0.0,,,2011-09-21,2024-05-07,가격 없음
Q,223,221,0.9910313901345291,2025-10-27,2026-09-21,2025-11-03,2026-09-21,복원
QEP,949,0,0.0,,,2011-09-21,2015-06-30,가격 없음
QRVO,2401,2399,0.9991670137442732,2015-01-02,2026-09-21,2015-06-12,2024-12-20,복원
R,1445,1444,0.9993079584775086,2011-09-21,2026-09-21,2011-09-21,2017-06-16,복원
RAI,1470,0,0.0,,,2011-09-21,2017-07-24,가격 없음
RDC,731,0,0.0,,,2011-09-21,2014-08-18,가격 없음
RE,1523,0,0.0,,,2017-06-19,2023-07-07,가격 없음
RHI,3210,3208,0.9993769470404984,2011-09-21,2026-09-21,2011-09-21,2024-06-21,복원
RHT,1965,0,0.0,,,2011-09-21,2019-07-12,가격 없음
RIG,942,941,0.9989384288747346,2011-09-21,2026-09-21,2013-10-29,2017-07-25,복원
RRC,1696,1695,0.9994103773584906,2011-09-21,2026-09-21,2011-09-21,2018-06-15,복원
RRD,308,0,0.0,,,2011-09-21,2012-12-11,가격 없음
RTN,2149,0,0.0,,,2011-09-21,2020-04-03,가격 없음
S,450,0,0.0,2021-06-30,2026-09-21,2011-09-21,2013-07-08,재사용 의심
SATS,65,0,0.0,,,2026-03-23,2026-06-23,가격 없음
SBNY,309,0,0.0,2024-08-15,2026-09-21,2021-12-20,2023-03-14,재사용 의심
SCG,1832,0,0.0,,,2011-09-21,2018-12-31,가격 없음
SE,1367,0,0.0,2017-10-20,2026-09-21,2011-09-21,2017-02-24,재사용 의심
SEDG,502,501,0.99800796812749,2015-03-26,2026-09-21,2021-12-20,2023-12-15,복원
SEE,3082,0,0.0,,,2011-09-21,2023-12-15,가격 없음
SHLD,241,0,0.0,2023-09-14,2026-09-21,2011-09-21,2012-09-04,재사용 의심
SIAL,1047,0,0.0,,,2011-09-21,2015-11-17,가격 없음
SIG,665,664,0.9984962406015038,2011-09-21,2026-09-21,2015-07-29,2018-03-16,복원
SIVB,1256,0,0.0,,,2018-03-19,2023-03-14,가격 없음
SLG,1511,1510,0.99933818663137,2011-09-21,2026-09-21,2015-03-23,2021-03-19,복원
SLM,655,655,1.0,2011-09-21,2026-09-21,2011-09-21,2014-04-30,복원
SNDK,1373,203,0.14785142024763293,2025-02-13,2026-09-21,2011-09-21,2026-09-21,부분 복원
SNI,1625,0,0.0,,,2011-09-21,2018-03-06,가격 없음
SOLS,36,36,1.0,2025-10-20,2026-09-21,2025-10-30,2025-12-19,복원
SPLS,1505,0,0.0,2026-01-16,2026-09-21,2011-09-21,2017-09-12,재사용 의심
SRCL,1813,0,0.0,,,2011-09-21,2018-11-30,가격 없음
STI,2068,0,0.0,2022-05-02,2026-09-21,2011-09-21,2019-12-06,재사용 의심
STJ,1332,0,0.0,,,2011-09-21,2017-01-04,가격 없음
SUN,263,11,0.04182509505703422,2012-09-20,2026-09-21,2011-09-21,2012-10-04,부분 복원
SUNEQ,62,0,0.0,,,2011-09-21,2011-12-16,가격 없음
SVU,153,0,0.0,,,2011-09-21,2012-04-30,가격 없음
SWN,1393,0,0.0,,,2011-09-21,2017-04-03,가격 없음
SWY,841,0,0.0,,,2011-09-21,2015-01-26,가격 없음
SYMC,2045,0,0.0,,,2011-09-21,2019-11-04,가격 없음
TDC,1445,1444,0.9993079584775086,2011-09-21,2026-09-21,2011-09-21,2017-06-16,복원
TE,1203,0,0.0,2020-01-10,2026-09-21,2011-09-21,2016-06-30,재사용 의심
TEG,948,0,0.0,,,2011-09-21,2015-06-29,가격 없음
TFX,1554,1552,0.9987129987129987,2011-09-21,2026-09-21,2019-01-18,2025-03-21,복원
TGNA,1434,0,0.0,,,2011-09-21,2017-06-01,가격 없음
THC,1150,1149,0.9991304347826087,2011-09-21,2026-09-21,2011-09-21,2016-04-15,복원
TIE,316,0,0.0,,,2011-09-21,2012-12-21,가격 없음
TIF,2340,0,0.0,,,2011-09-21,2021-01-06,가격 없음
TLAB,64,0,0.0,,,2011-09-21,2011-12-20,가격 없음
TMK,1983,0,0.0,,,2011-09-21,2019-08-07,가격 없음
TRIP,2014,2013,0.9995034756703078,2011-12-07,2026-09-21,2011-12-21,2019-12-20,복원
TSS,2014,0,0.0,,,2011-09-21,2019-09-20,가격 없음
TWC,1172,0,0.0,,,2011-09-21,2016-05-17,가격 없음
TWTR,1109,0,0.0,,,2018-06-07,2022-10-31,가격 없음
TWX,1695,0,0.0,,,2011-09-21,2018-06-14,가격 없음
UA,1561,1561,1.0,2016-03-23,2026-09-21,2016-04-08,2022-06-17,복원
UAA,2050,2049,0.9995121951219512,2011-09-21,2026-09-21,2014-05-01,2022-06-17,복원
UNM,2516,2515,0.9996025437201908,2011-09-21,2026-09-21,2011-09-21,2021-09-17,복원
URBN,1382,1381,0.9992764109985528,2011-09-21,2026-09-21,2011-09-21,2017-03-17,복원
UTX,2148,0,0.0,,,2011-09-21,2020-04-02,가격 없음
VAR,2410,0,0.0,,,2011-09-21,2021-04-19,가격 없음
VFC,3152,3150,0.9993654822335025,2011-09-21,2026-09-21,2011-09-21,2024-03-28,복원
VIAB,2066,0,0.0,,,2011-09-21,2019-12-04,가격 없음
VIAC,555,0,0.0,,,2019-12-05,2022-02-16,가격 없음
VIAV,567,567,1.0,2011-09-21,2026-09-21,2011-09-21,2013-12-20,복원
VMRK,25,24,0.96,2011-09-21,2026-09-21,2026-08-18,2026-09-21,복원
VNO,2841,2840,0.9996480112636396,2011-09-21,2026-09-21,2011-09-21,2023-01-03,복원
VNT,110,110,1.0,2020-09-24,2026-09-21,2020-10-12,2021-03-19,복원
WBA,3509,0,0.0,,,2011-09-21,2025-08-27,가격 없음
WCG,342,0,0.0,,,2018-09-17,2020-01-27,가격 없음
WFM,1494,0,0.0,,,2011-09-21,2017-08-25,가격 없음
WHR,3143,3141,0.9993636652879414,2011-09-21,2026-09-21,2011-09-21,2024-03-15,복원
WIN,889,0,0.0,,,2011-09-21,2015-04-06,가격 없음
WLTW,1516,0,0.0,,,2016-01-05,2022-01-07,가격 없음
WPX,557,0,0.0,,,2012-01-03,2014-03-21,가격 없음
WRK,2269,0,0.0,,,2015-07-02,2024-07-05,가격 없음
WU,2580,2579,0.9996124031007751,2011-09-21,2026-09-21,2011-09-21,2021-12-17,복원
WYND,1684,0,0.0,,,2011-09-21,2018-05-30,가격 없음
X,698,0,0.0,,,2011-09-21,2014-07-01,가격 없음
XEC,1435,0,0.0,,,2014-06-20,2020-03-02,가격 없음
XL,1756,0,0.0,,,2011-09-21,2018-09-11,가격 없음
XLNX,2619,0,0.0,,,2011-09-21,2022-02-14,가격 없음
XRAY,3153,3151,0.9993656834760546,2011-09-21,2026-09-21,2011-09-21,2024-04-01,복원
XRX,2390,2389,0.999581589958159,2011-09-21,2026-09-21,2011-09-21,2021-03-19,복원
ZION,3143,3141,0.9993636652879414,2011-09-21,2026-09-21,2011-09-21,2024-03-15,복원
